Random_Forest_accuracy,Random_Forest_precison,Random_Forest_recall,Random_Forest_f1
0.9761333333333333,0.9761679259442743,0.9761333333333333,0.9761498547424549
